Temperature,Humidity,Class
3.393533211,2.331273381,A
3.110073483,1.781539638,A
1.343808831,3.368360954,A
3.582294042,4.67917911,A
2.280362439,2.866990263,A
7.423436942,4.696522875,B
5.745051997,3.533989803,B
9.172168622,2.511101045,B
7.792783481,3.424088941,B
7.939820817,0.791637231,B
